{"layout":"logicalStructure","root":{"data":{"text":"全局变量","expand":true,"isActive":false,"uid":"8f571b70-9815-4c54-a8f6-450c0710759f"},"children":[{"data":{"text":"资方code","uid":"5ffe1f30-9dc1-430a-947c-453d1f0de598","expand":true,"richText":false,"isActive":false},"children":[{"data":{"text":"[\n '100000276', // 大兴安岭 \n '100000277', // 万方小贷 \n '100000278', // 中联信 \n '100000279', // 马上金融 \n '100000280', // 锡商网贷&锡锡贷 \n '100000282', // 杭金投 \n '100000283', // 中原H5 \n '100000285', // 长银H5 \n '100000286', // 中原API \n '100000287', // 蓝海API（未上线） \n '100000288', // 长银API \n '100000289' // 大兴安岭API\n ]","uid":"746dbab0-bcf2-47d8-a94e-bf847abcdf74","expand":true,"richText":false,"isActive":false,"borderWidth":1,"borderColor":"#549688","fillColor":"#fff"},"children":[]}]}]},"theme":{"template":"default","config":{"associativeLineTextFontSize":13,"root":{"fontSize":14},"node":{"fontSize":13},"generalization":{"fontSize":13},"second":{"fontSize":13}}},"view":{"transform":{"scaleX":1,"scaleY":1,"shear":0,"rotate":0,"translateX":324.1666666666665,"translateY":-29.208333333333357,"originX":0,"originY":0,"a":1,"b":0,"c":0,"d":1,"e":324.1666666666665,"f":-29.208333333333357},"state":{"scale":1,"x":324.1666666666665,"y":-29.208333333333357,"sx":324.1666666666665,"sy":-29.208333333333357}}}